,Descriptors,Coeff
935,935,1.51
1747,1747,1.21
1160,1160,1.19
573,573,1.17
1920,1920,1.15
202,202,1.15
2009,2009,1.09
725,725,0.98
1702,1702,0.98
875,875,0.94
609,609,0.92
689,689,0.91
1390,1390,0.9
1848,1848,0.85
992,992,0.84
1416,1416,0.84
1954,1954,0.84
58,58,0.83
1263,1263,0.83
1936,1936,0.82
1152,1152,0.82
1518,1518,0.81
1413,1413,0.81
1821,1821,0.8
655,655,0.79
1955,1955,0.78
559,559,0.77
1284,1284,0.76
1803,1803,0.76
750,750,0.75
889,889,0.75
925,925,0.75
1010,1010,0.74
1504,1504,0.74
1181,1181,0.74
736,736,0.73
860,860,0.73
1454,1454,0.72
864,864,0.71
1291,1291,0.71
1661,1661,0.71
1285,1285,0.71
806,806,0.7
1793,1793,0.7
1405,1405,0.69
648,648,0.68
1464,1464,0.66
1712,1712,0.66
931,931,0.66
2011,2011,0.66
2025,2025,0.66
191,191,0.66
734,734,0.65
1662,1662,0.65
472,472,0.65
1146,1146,0.65
1227,1227,0.64
1235,1235,0.64
1192,1192,0.64
1437,1437,0.63
1279,1279,0.63
661,661,0.63
1127,1127,0.63
160,160,0.62
358,358,0.62
1574,1574,0.62
34,34,0.61
1172,1172,0.61
906,906,0.61
2039,2039,0.6
162,162,0.6
1625,1625,0.6
1754,1754,0.6
1637,1637,0.59
1970,1970,0.59
1061,1061,0.58
560,560,0.58
1530,1530,0.58
1016,1016,0.58
1912,1912,0.57
1984,1984,0.57
1825,1825,0.57
1743,1743,0.57
703,703,0.56
1374,1374,0.56
885,885,0.56
475,475,0.56
1264,1264,0.56
728,728,0.56
242,242,0.56
176,176,0.56
1967,1967,0.56
1132,1132,0.55
1131,1131,0.55
1978,1978,0.55
1997,1997,0.55
511,511,0.55
756,756,0.55
956,956,0.54
1640,1640,0.54
1361,1361,0.54
455,455,0.54
1577,1577,0.53
1445,1445,0.53
2017,2017,0.53
507,507,0.52
1918,1918,0.52
598,598,0.52
1088,1088,0.52
964,964,0.52
1371,1371,0.52
1301,1301,0.52
1391,1391,0.52
1409,1409,0.51
494,494,0.51
637,637,0.51
1907,1907,0.5
1807,1807,0.5
1542,1542,0.5
1844,1844,0.5
1329,1329,0.5
1345,1345,0.49
704,704,0.49
858,858,0.49
1162,1162,0.49
1269,1269,0.49
732,732,0.48
859,859,0.48
1617,1617,0.48
1493,1493,0.48
1667,1667,0.48
2044,2044,0.48
1946,1946,0.48
267,267,0.48
1107,1107,0.48
1867,1867,0.47
1753,1753,0.47
993,993,0.47
666,666,0.47
1208,1208,0.47
1302,1302,0.47
746,746,0.47
1032,1032,0.46
527,527,0.46
465,465,0.46
1124,1124,0.46
1435,1435,0.46
11,11,0.45
271,271,0.45
582,582,0.45
1748,1748,0.45
1583,1583,0.45
1245,1245,0.45
855,855,0.45
419,419,0.45
1785,1785,0.45
400,400,0.45
132,132,0.45
1878,1878,0.44
1765,1765,0.44
1663,1663,0.44
1632,1632,0.44
1963,1963,0.44
1693,1693,0.44
1854,1854,0.43
1756,1756,0.43
627,627,0.43
211,211,0.43
1189,1189,0.43
156,156,0.43
1234,1234,0.43
216,216,0.43
909,909,0.43
83,83,0.43
154,154,0.43
1157,1157,0.43
2042,2042,0.43
989,989,0.43
1079,1079,0.42
754,754,0.42
1295,1295,0.42
1591,1591,0.42
396,396,0.42
121,121,0.42
1281,1281,0.42
1976,1976,0.42
1358,1358,0.42
348,348,0.42
1349,1349,0.41
418,418,0.41
315,315,0.41
409,409,0.41
586,586,0.41
1669,1669,0.41
769,769,0.41
557,557,0.4
441,441,0.4
1676,1676,0.4
1817,1817,0.4
369,369,0.4
322,322,0.4
663,663,0.4
1993,1993,0.4
1170,1170,0.4
1190,1190,0.4
641,641,0.4
415,415,0.39
383,383,0.39
1114,1114,0.39
38,38,0.39
1352,1352,0.39
178,178,0.39
802,802,0.39
775,775,0.39
1334,1334,0.39
221,221,0.39
92,92,0.38
891,891,0.38
1671,1671,0.38
791,791,0.38
626,626,0.38
910,910,0.38
1183,1183,0.38
1694,1694,0.38
561,561,0.38
530,530,0.38
1471,1471,0.38
1647,1647,0.37
529,529,0.37
1310,1310,0.37
1806,1806,0.37
1442,1442,0.37
1222,1222,0.37
938,938,0.37
443,443,0.37
1009,1009,0.36
1063,1063,0.36
997,997,0.36
647,647,0.36
53,53,0.36
384,384,0.36
70,70,0.36
583,583,0.36
659,659,0.36
867,867,0.36
57,57,0.36
421,421,0.36
353,353,0.36
1546,1546,0.36
230,230,0.36
1419,1419,0.36
1533,1533,0.36
1467,1467,0.36
2002,2002,0.35
1203,1203,0.35
2000,2000,0.35
269,269,0.35
220,220,0.35
774,774,0.35
504,504,0.35
1478,1478,0.35
281,281,0.35
1052,1052,0.34
2005,2005,0.34
1683,1683,0.34
398,398,0.34
1586,1586,0.34
1159,1159,0.34
247,247,0.34
1644,1644,0.34
1246,1246,0.34
1511,1511,0.34
679,679,0.33
289,289,0.33
1499,1499,0.33
86,86,0.33
1059,1059,0.33
1874,1874,0.33
359,359,0.33
197,197,0.33
10,10,0.33
809,809,0.33
1735,1735,0.33
100,100,0.33
1692,1692,0.33
1101,1101,0.33
155,155,0.33
712,712,0.33
984,984,0.32
1787,1787,0.32
1142,1142,0.32
676,676,0.32
1527,1527,0.32
578,578,0.32
1098,1098,0.32
1382,1382,0.32
25,25,0.32
1248,1248,0.32
209,209,0.32
1218,1218,0.32
831,831,0.32
1355,1355,0.32
1862,1862,0.32
1727,1727,0.32
1178,1178,0.32
318,318,0.31
943,943,0.31
402,402,0.31
404,404,0.31
28,28,0.31
1731,1731,0.31
764,764,0.31
1588,1588,0.31
411,411,0.31
2036,2036,0.31
64,64,0.31
894,894,0.31
285,285,0.31
1899,1899,0.31
686,686,0.31
1417,1417,0.31
167,167,0.31
526,526,0.31
1941,1941,0.31
1012,1012,0.31
1253,1253,0.31
263,263,0.3
854,854,0.3
1303,1303,0.3
1680,1680,0.3
50,50,0.3
79,79,0.3
422,422,0.3
2024,2024,0.3
1237,1237,0.3
1631,1631,0.3
1991,1991,0.29
1950,1950,0.29
1093,1093,0.29
1901,1901,0.29
1779,1779,0.29
1458,1458,0.29
1427,1427,0.29
2015,2015,0.29
1305,1305,0.29
945,945,0.29
1477,1477,0.29
870,870,0.29
1224,1224,0.29
1624,1624,0.29
1774,1774,0.28
43,43,0.28
596,596,0.28
1772,1772,0.28
1455,1455,0.28
1337,1337,0.28
1634,1634,0.28
119,119,0.28
1659,1659,0.28
537,537,0.28
1278,1278,0.28
827,827,0.28
1847,1847,0.27
255,255,0.27
250,250,0.27
562,562,0.27
22,22,0.27
567,567,0.27
1916,1916,0.27
851,851,0.27
672,672,0.27
327,327,0.27
66,66,0.27
612,612,0.27
1185,1185,0.27
603,603,0.27
1750,1750,0.27
1489,1489,0.27
1468,1468,0.27
450,450,0.27
741,741,0.26
1033,1033,0.26
158,158,0.26
815,815,0.26
751,751,0.26
1903,1903,0.26
1056,1056,0.26
469,469,0.26
506,506,0.26
2037,2037,0.26
1686,1686,0.26
336,336,0.26
1884,1884,0.26
1710,1710,0.26
1221,1221,0.26
1698,1698,0.26
304,304,0.26
1319,1319,0.26
1134,1134,0.26
1964,1964,0.26
1776,1776,0.26
1888,1888,0.26
1179,1179,0.26
887,887,0.26
520,520,0.25
521,521,0.25
1000,1000,0.25
698,698,0.25
590,590,0.25
983,983,0.25
1929,1929,0.25
1719,1719,0.25
1307,1307,0.25
283,283,0.25
69,69,0.25
87,87,0.25
1800,1800,0.25
27,27,0.25
1138,1138,0.25
1670,1670,0.25
1545,1545,0.25
148,148,0.25
1266,1266,0.25
1607,1607,0.25
1566,1566,0.25
1199,1199,0.25
1823,1823,0.25
1584,1584,0.24
1886,1886,0.24
1318,1318,0.24
1299,1299,0.24
913,913,0.24
835,835,0.24
1439,1439,0.24
848,848,0.24
850,850,0.24
1268,1268,0.24
111,111,0.24
1436,1436,0.24
1623,1623,0.24
2033,2033,0.24
76,76,0.24
1721,1721,0.24
1054,1054,0.24
1600,1600,0.24
605,605,0.24
1347,1347,0.24
141,141,0.24
2034,2034,0.24
1108,1108,0.24
1812,1812,0.24
1799,1799,0.24
1784,1784,0.24
1153,1153,0.24
48,48,0.24
986,986,0.24
1905,1905,0.24
1917,1917,0.24
789,789,0.24
485,485,0.23
131,131,0.23
1622,1622,0.23
1629,1629,0.23
1529,1529,0.23
1868,1868,0.23
1025,1025,0.23
911,911,0.23
95,95,0.23
1451,1451,0.23
574,574,0.23
668,668,0.23
957,957,0.23
346,346,0.23
349,349,0.23
2046,2046,0.23
1074,1074,0.23
1568,1568,0.22
821,821,0.22
800,800,0.22
804,804,0.22
531,531,0.22
107,107,0.22
1495,1495,0.22
1708,1708,0.22
607,607,0.22
1602,1602,0.22
386,386,0.22
295,295,0.22
1158,1158,0.22
1999,1999,0.22
102,102,0.22
1177,1177,0.22
476,476,0.22
2008,2008,0.22
1691,1691,0.22
1697,1697,0.22
617,617,0.21
658,658,0.21
143,143,0.21
1576,1576,0.21
101,101,0.21
723,723,0.21
1578,1578,0.21
1610,1610,0.21
1601,1601,0.21
152,152,0.21
569,569,0.21
1023,1023,0.21
352,352,0.21
1015,1015,0.21
1931,1931,0.21
1141,1141,0.21
484,484,0.21
936,936,0.21
1220,1220,0.21
1857,1857,0.21
187,187,0.2
1385,1385,0.2
459,459,0.2
541,541,0.2
1350,1350,0.2
1209,1209,0.2
1415,1415,0.2
1926,1926,0.2
317,317,0.2
920,920,0.2
1879,1879,0.2
1258,1258,0.2
786,786,0.2
811,811,0.2
373,373,0.2
597,597,0.2
203,203,0.2
1155,1155,0.19
129,129,0.19
917,917,0.19
1544,1544,0.19
324,324,0.19
896,896,0.19
205,205,0.19
1909,1909,0.19
1626,1626,0.19
711,711,0.19
18,18,0.19
117,117,0.19
1369,1369,0.19
24,24,0.19
1381,1381,0.19
693,693,0.18
1983,1983,0.18
306,306,0.18
416,416,0.18
1820,1820,0.18
2045,2045,0.18
944,944,0.18
1182,1182,0.18
602,602,0.18
1003,1003,0.18
1734,1734,0.18
1244,1244,0.18
863,863,0.18
165,165,0.18
836,836,0.18
1462,1462,0.18
535,535,0.18
1344,1344,0.18
273,273,0.18
286,286,0.18
1580,1580,0.18
1895,1895,0.18
1988,1988,0.17
395,395,0.17
54,54,0.17
1501,1501,0.17
652,652,0.17
1982,1982,0.17
103,103,0.17
497,497,0.17
763,763,0.17
558,558,0.17
341,341,0.17
1086,1086,0.17
1989,1989,0.17
1196,1196,0.17
771,771,0.17
1990,1990,0.17
425,425,0.17
1980,1980,0.17
739,739,0.17
1270,1270,0.17
1287,1287,0.17
1338,1338,0.17
824,824,0.16
779,779,0.16
1473,1473,0.16
852,852,0.16
901,901,0.16
628,628,0.16
633,633,0.16
1150,1150,0.16
1745,1745,0.16
1393,1393,0.16
1736,1736,0.16
808,808,0.16
1339,1339,0.16
879,879,0.16
1231,1231,0.16
1649,1649,0.16
1668,1668,0.16
1650,1650,0.16
1870,1870,0.16
257,257,0.16
545,545,0.16
35,35,0.16
495,495,0.16
553,553,0.16
534,534,0.16
1992,1992,0.16
2021,2021,0.16
1362,1362,0.15
1304,1304,0.15
392,392,0.15
1357,1357,0.15
1422,1422,0.15
1251,1251,0.15
1985,1985,0.15
2027,2027,0.15
198,198,0.15
987,987,0.15
702,702,0.15
423,423,0.15
1490,1490,0.15
1987,1987,0.15
556,556,0.15
707,707,0.15
31,31,0.15
1853,1853,0.15
1022,1022,0.15
1852,1852,0.15
752,752,0.15
382,382,0.15
89,89,0.15
40,40,0.15
142,142,0.15
1835,1835,0.15
629,629,0.15
499,499,0.15
799,799,0.14
1233,1233,0.14
768,768,0.14
1932,1932,0.14
1229,1229,0.14
461,461,0.14
893,893,0.14
595,595,0.14
236,236,0.14
1395,1395,0.14
1332,1332,0.14
108,108,0.14
1116,1116,0.14
1873,1873,0.14
1503,1503,0.14
1894,1894,0.14
861,861,0.14
1094,1094,0.14
542,542,0.14
379,379,0.14
624,624,0.14
1914,1914,0.14
1321,1321,0.14
884,884,0.14
1519,1519,0.14
1325,1325,0.14
991,991,0.13
23,23,0.13
1004,1004,0.13
480,480,0.13
1841,1841,0.13
97,97,0.13
99,99,0.13
688,688,0.13
39,39,0.13
616,616,0.13
1949,1949,0.13
727,727,0.13
36,36,0.13
544,544,0.13
568,568,0.13
1805,1805,0.13
687,687,0.13
1547,1547,0.13
194,194,0.13
90,90,0.13
486,486,0.13
853,853,0.13
1418,1418,0.13
229,229,0.13
1388,1388,0.13
1387,1387,0.13
839,839,0.13
740,740,0.13
1341,1341,0.13
1306,1306,0.13
1333,1333,0.13
1816,1816,0.12
173,173,0.12
819,819,0.12
1510,1510,0.12
136,136,0.12
838,838,0.12
78,78,0.12
1746,1746,0.12
1788,1788,0.12
377,377,0.12
1261,1261,0.12
168,168,0.12
468,468,0.12
1524,1524,0.12
1715,1715,0.12
1871,1871,0.12
834,834,0.12
1007,1007,0.12
174,174,0.12
308,308,0.12
1173,1173,0.12
14,14,0.12
1766,1766,0.12
690,690,0.12
942,942,0.11
412,412,0.11
795,795,0.11
934,934,0.11
1034,1034,0.11
1062,1062,0.11
1064,1064,0.11
474,474,0.11
1068,1068,0.11
1789,1789,0.11
866,866,0.11
2006,2006,0.11
830,830,0.11
826,826,0.11
264,264,0.11
240,240,0.11
1695,1695,0.11
1541,1541,0.11
665,665,0.11
3,3,0.11
1572,1572,0.11
125,125,0.11
731,731,0.11
575,575,0.11
47,47,0.11
973,973,0.1
793,793,0.1
233,233,0.1
1858,1858,0.1
692,692,0.1
1282,1282,0.1
473,473,0.1
428,428,0.1
305,305,0.1
940,940,0.1
309,309,0.1
701,701,0.1
71,71,0.1
1934,1934,0.1
1205,1205,0.1
1070,1070,0.1
185,185,0.1
387,387,0.1
1995,1995,0.1
635,635,0.1
1095,1095,0.1
533,533,0.1
2031,2031,0.1
1123,1123,0.1
1998,1998,0.09
445,445,0.09
262,262,0.09
619,619,0.09
1567,1567,0.09
1406,1406,0.09
638,638,0.09
592,592,0.09
2022,2022,0.09
1072,1072,0.09
951,951,0.09
977,977,0.09
1020,1020,0.09
366,366,0.09
1017,1017,0.09
30,30,0.09
2040,2040,0.09
1952,1952,0.09
29,29,0.09
406,406,0.09
1139,1139,0.09
721,721,0.09
1027,1027,0.08
1939,1939,0.08
842,842,0.08
378,378,0.08
846,846,0.08
106,106,0.08
1109,1109,0.08
501,501,0.08
1496,1496,0.08
1876,1876,0.08
1814,1814,0.08
1486,1486,0.08
1428,1428,0.08
1408,1408,0.08
976,976,0.08
1383,1383,0.08
1296,1296,0.08
969,969,0.08
966,966,0.08
389,389,0.08
960,960,0.08
375,375,0.08
113,113,0.08
765,765,0.08
760,760,0.08
699,699,0.08
664,664,0.08
1859,1859,0.08
1850,1850,0.08
1517,1517,0.07
225,225,0.07
1594,1594,0.07
677,677,0.07
190,190,0.07
385,385,0.07
1538,1538,0.07
1148,1148,0.07
713,713,0.07
293,293,0.07
2013,2013,0.07
946,946,0.07
1555,1555,0.07
865,865,0.07
538,538,0.07
971,971,0.07
995,995,0.07
1896,1896,0.07
1612,1612,0.06
516,516,0.06
1099,1099,0.06
1144,1144,0.06
1327,1327,0.06
2038,2038,0.06
1678,1678,0.06
961,961,0.06
1293,1293,0.06
1195,1195,0.06
1550,1550,0.06
500,500,0.06
1690,1690,0.06
502,502,0.06
1537,1537,0.06
532,532,0.06
1247,1247,0.06
1075,1075,0.06
743,743,0.06
1375,1375,0.06
457,457,0.06
1411,1411,0.06
814,814,0.06
115,115,0.06
429,429,0.06
1960,1960,0.06
812,812,0.06
536,536,0.05
927,927,0.05
437,437,0.05
390,390,0.05
1849,1849,0.05
2,2,0.05
1053,1053,0.05
430,430,0.05
1972,1972,0.05
1872,1872,0.05
1559,1559,0.05
1554,1554,0.05
869,869,0.05
1488,1488,0.05
1687,1687,0.05
1469,1469,0.05
1839,1839,0.05
581,581,0.05
1401,1401,0.05
13,13,0.05
1718,1718,0.05
1532,1532,0.05
1860,1860,0.05
1855,1855,0.05
1677,1677,0.05
330,330,0.04
413,413,0.04
226,226,0.04
1797,1797,0.04
1466,1466,0.04
1885,1885,0.04
376,376,0.04
1039,1039,0.04
490,490,0.04
1044,1044,0.04
916,916,0.04
1230,1230,0.04
208,208,0.04
124,124,0.04
856,856,0.04
1212,1212,0.04
745,745,0.04
241,241,0.04
1372,1372,0.04
17,17,0.04
2010,2010,0.04
1882,1882,0.04
589,589,0.04
1813,1813,0.04
886,886,0.04
1832,1832,0.04
1831,1831,0.04
2007,2007,0.04
724,724,0.04
1664,1664,0.04
777,777,0.03
1940,1940,0.03
1206,1206,0.03
1452,1452,0.03
653,653,0.03
1707,1707,0.03
213,213,0.03
219,219,0.03
1432,1432,0.03
1198,1198,0.03
758,758,0.03
1595,1595,0.03
1975,1975,0.03
249,249,0.03
733,733,0.03
1096,1096,0.03
266,266,0.03
784,784,0.03
357,357,0.03
488,488,0.03
787,787,0.03
483,483,0.03
792,792,0.03
1845,1845,0.03
1833,1833,0.03
1050,1050,0.02
1049,1049,0.02
928,928,0.02
1002,1002,0.02
840,840,0.02
405,405,0.02
1111,1111,0.02
1781,1781,0.02
981,981,0.02
1609,1609,0.02
549,549,0.02
1404,1404,0.02
16,16,0.02
456,456,0.02
656,656,0.02
614,614,0.02
1087,1087,0.02
766,766,0.02
600,600,0.02
1928,1928,0.02
2030,2030,0.02
1688,1688,0.02
1217,1217,0.02
1216,1216,0.02
1536,1536,0.02
310,310,0.02
133,133,0.02
444,444,0.02
1320,1320,0.01
1738,1738,0.01
212,212,0.01
186,186,0.01
1308,1308,0.01
1249,1249,0.01
104,104,0.01
694,694,0.01
674,674,0.01
1947,1947,0.01
46,46,0.01
1081,1081,0.01
363,363,0.01
328,328,0.01
1782,1782,0.01
345,345,0.01
1377,1377,0.01
720,720,0.01
351,351,0.01
1140,1140,0.01
876,876,0.01
1505,1505,0.01
1608,1608,0.01
424,424,0.01
199,199,0.01
650,650,0.01
523,523,0.01
953,953,0.01
947,947,-0.0
329,329,0.0
1877,1877,-0.0
890,890,0.0
1699,1699,-0.0
639,639,-0.0
1615,1615,0.0
361,361,0.0
718,718,-0.0
1129,1129,0.0
528,528,-0.0
646,646,0.0
1069,1069,-0.0
1118,1118,-0.0
460,460,-0.0
238,238,-0.0
1402,1402,0.0
432,432,-0.0
1861,1861,0.0
171,171,-0.0
524,524,0.0
1953,1953,0.0
1551,1551,0.0
49,49,0.0
313,313,0.0
1242,1242,0.0
1795,1795,-0.0
880,880,-0.0
1553,1553,0.0
696,696,0.0
290,290,-0.0
1620,1620,-0.0
417,417,-0.0
65,65,-0.01
371,371,-0.01
397,397,-0.01
621,621,-0.01
1730,1730,-0.01
91,91,-0.01
149,149,-0.01
510,510,-0.01
1271,1271,-0.01
55,55,-0.01
924,924,-0.01
1834,1834,-0.01
726,726,-0.01
1565,1565,-0.01
1902,1902,-0.01
829,829,-0.01
1186,1186,-0.01
45,45,-0.01
681,681,-0.01
1951,1951,-0.01
1755,1755,-0.01
640,640,-0.01
332,332,-0.01
1791,1791,-0.01
427,427,-0.01
94,94,-0.01
258,258,-0.01
722,722,-0.02
1252,1252,-0.02
1228,1228,-0.02
1180,1180,-0.02
1944,1944,-0.02
88,88,-0.02
1856,1856,-0.02
282,282,-0.02
1110,1110,-0.02
1188,1188,-0.02
974,974,-0.02
1762,1762,-0.02
828,828,-0.02
968,968,-0.02
1191,1191,-0.02
546,546,-0.02
591,591,-0.02
1461,1461,-0.02
1822,1822,-0.02
393,393,-0.02
1598,1598,-0.02
201,201,-0.02
1421,1421,-0.02
1523,1523,-0.02
1704,1704,-0.02
1447,1447,-0.02
338,338,-0.03
683,683,-0.03
210,210,-0.03
1709,1709,-0.03
1794,1794,-0.03
883,883,-0.03
1316,1316,-0.03
1937,1937,-0.03
1726,1726,-0.03
122,122,-0.03
1604,1604,-0.03
367,367,-0.03
1450,1450,-0.03
709,709,-0.03
244,244,-0.03
818,818,-0.03
785,785,-0.03
773,773,-0.03
675,675,-0.03
1732,1732,-0.03
636,636,-0.03
1682,1682,-0.03
1657,1657,-0.03
1342,1342,-0.03
1716,1716,-0.03
1889,1889,-0.03
223,223,-0.03
580,580,-0.03
1014,1014,-0.03
1156,1156,-0.03
195,195,-0.04
466,466,-0.04
1359,1359,-0.04
841,841,-0.04
1351,1351,-0.04
604,604,-0.04
895,895,-0.04
325,325,-0.04
1786,1786,-0.04
1067,1067,-0.04
1935,1935,-0.04
498,498,-0.04
1540,1540,-0.04
1589,1589,-0.04
930,930,-0.04
513,513,-0.04
1006,1006,-0.04
192,192,-0.04
874,874,-0.05
128,128,-0.05
1036,1036,-0.05
302,302,-0.05
1472,1472,-0.05
716,716,-0.05
1742,1742,-0.05
287,287,-0.05
735,735,-0.05
1957,1957,-0.05
950,950,-0.05
1066,1066,-0.05
912,912,-0.05
188,188,-0.05
347,347,-0.05
1470,1470,-0.05
1376,1376,-0.05
1700,1700,-0.05
1919,1919,-0.05
200,200,-0.05
1078,1078,-0.05
757,757,-0.05
1778,1778,-0.05
1119,1119,-0.05
700,700,-0.05
140,140,-0.06
440,440,-0.06
335,335,-0.06
280,280,-0.06
512,512,-0.06
1276,1276,-0.06
877,877,-0.06
1429,1429,-0.06
929,929,-0.06
1945,1945,-0.06
1367,1367,-0.06
433,433,-0.06
903,903,-0.06
849,849,-0.06
662,662,-0.06
2023,2023,-0.06
1130,1130,-0.06
1521,1521,-0.06
118,118,-0.07
651,651,-0.07
888,888,-0.07
1331,1331,-0.07
1219,1219,-0.07
1379,1379,-0.07
1723,1723,-0.07
837,837,-0.07
1689,1689,-0.07
762,762,-0.07
1866,1866,-0.07
1104,1104,-0.07
982,982,-0.07
1410,1410,-0.07
1407,1407,-0.07
1783,1783,-0.07
1571,1571,-0.07
98,98,-0.07
994,994,-0.07
1573,1573,-0.07
805,805,-0.07
120,120,-0.07
1438,1438,-0.07
1581,1581,-0.08
755,755,-0.08
1175,1175,-0.08
243,243,-0.08
1055,1055,-0.08
1769,1769,-0.08
1965,1965,-0.08
96,96,-0.08
1826,1826,-0.08
1923,1923,-0.08
899,899,-0.08
1887,1887,-0.08
730,730,-0.08
1921,1921,-0.08
1117,1117,-0.08
1311,1311,-0.08
634,634,-0.08
278,278,-0.08
217,217,-0.08
407,407,-0.08
767,767,-0.08
1433,1433,-0.08
1449,1449,-0.08
1373,1373,-0.08
166,166,-0.08
234,234,-0.08
288,288,-0.08
320,320,-0.08
224,224,-0.08
1040,1040,-0.08
1112,1112,-0.09
2014,2014,-0.09
1051,1051,-0.09
1522,1522,-0.09
72,72,-0.09
52,52,-0.09
847,847,-0.09
1298,1298,-0.09
300,300,-0.09
1658,1658,-0.09
180,180,-0.09
1187,1187,-0.09
1384,1384,-0.09
1336,1336,-0.09
615,615,-0.09
356,356,-0.09
1498,1498,-0.09
671,671,-0.09
1938,1938,-0.09
1137,1137,-0.09
1133,1133,-0.09
1323,1323,-0.09
26,26,-0.09
319,319,-0.09
1767,1767,-0.09
1618,1618,-0.09
1317,1317,-0.09
565,565,-0.09
1590,1590,-0.09
543,543,-0.09
577,577,-0.09
1531,1531,-0.09
631,631,-0.09
742,742,-0.09
1913,1913,-0.1
571,571,-0.1
587,587,-0.1
1424,1424,-0.1
1324,1324,-0.1
1460,1460,-0.1
1420,1420,-0.1
1679,1679,-0.1
1335,1335,-0.1
1354,1354,-0.1
1758,1758,-0.1
1038,1038,-0.1
435,435,-0.1
1898,1898,-0.1
1008,1008,-0.1
1904,1904,-0.1
1207,1207,-0.1
1084,1084,-0.1
1749,1749,-0.1
1628,1628,-0.1
2003,2003,-0.1
1120,1120,-0.1
905,905,-0.1
137,137,-0.1
374,374,-0.1
1752,1752,-0.1
781,781,-0.1
1811,1811,-0.1
1026,1026,-0.1
1971,1971,-0.1
134,134,-0.1
354,354,-0.1
1582,1582,-0.1
803,803,-0.11
1666,1666,-0.11
682,682,-0.11
801,801,-0.11
1241,1241,-0.11
5,5,-0.11
1672,1672,-0.11
1891,1891,-0.11
1105,1105,-0.11
1184,1184,-0.11
515,515,-0.11
719,719,-0.11
388,388,-0.11
268,268,-0.11
813,813,-0.11
1808,1808,-0.11
297,297,-0.11
1890,1890,-0.11
816,816,-0.11
770,770,-0.11
434,434,-0.11
1457,1457,-0.11
1927,1927,-0.11
1021,1021,-0.11
1485,1485,-0.12
1863,1863,-0.12
1394,1394,-0.12
1587,1587,-0.12
897,897,-0.12
576,576,-0.12
958,958,-0.12
1804,1804,-0.12
1648,1648,-0.12
817,817,-0.12
1091,1091,-0.12
1636,1636,-0.12
1836,1836,-0.12
1090,1090,-0.12
1506,1506,-0.12
1801,1801,-0.12
138,138,-0.12
761,761,-0.12
447,447,-0.12
391,391,-0.12
399,399,-0.12
218,218,-0.12
144,144,-0.12
1163,1163,-0.12
63,63,-0.12
334,334,-0.12
710,710,-0.12
259,259,-0.12
1933,1933,-0.12
277,277,-0.12
1389,1389,-0.13
1115,1115,-0.13
1386,1386,-0.13
1968,1968,-0.13
1340,1340,-0.13
2035,2035,-0.13
1168,1168,-0.13
1638,1638,-0.13
1842,1842,-0.13
1869,1869,-0.13
1243,1243,-0.13
1915,1915,-0.13
744,744,-0.13
810,810,-0.13
915,915,-0.13
206,206,-0.13
1837,1837,-0.13
952,952,-0.13
1681,1681,-0.13
2041,2041,-0.13
1092,1092,-0.13
67,67,-0.13
518,518,-0.13
1977,1977,-0.13
1274,1274,-0.13
1403,1403,-0.13
365,365,-0.13
678,678,-0.13
1076,1076,-0.14
657,657,-0.14
170,170,-0.14
478,478,-0.14
1057,1057,-0.14
908,908,-0.14
1520,1520,-0.14
1792,1792,-0.14
708,708,-0.14
1013,1013,-0.14
1309,1309,-0.14
872,872,-0.14
1552,1552,-0.14
933,933,-0.14
59,59,-0.14
517,517,-0.14
594,594,-0.14
645,645,-0.14
1492,1492,-0.14
4,4,-0.14
37,37,-0.14
2028,2028,-0.14
714,714,-0.14
1713,1713,-0.14
1893,1893,-0.14
1103,1103,-0.15
1630,1630,-0.15
522,522,-0.15
778,778,-0.15
667,667,-0.15
1979,1979,-0.15
1654,1654,-0.15
1777,1777,-0.15
1509,1509,-0.15
183,183,-0.15
1151,1151,-0.15
1254,1254,-0.15
303,303,-0.15
370,370,-0.15
685,685,-0.15
1193,1193,-0.15
265,265,-0.15
1829,1829,-0.15
1525,1525,-0.15
1900,1900,-0.15
1396,1396,-0.15
1722,1722,-0.15
1619,1619,-0.15
193,193,-0.15
1763,1763,-0.15
613,613,-0.15
1169,1169,-0.15
493,493,-0.15
1164,1164,-0.16
364,364,-0.16
1286,1286,-0.16
1273,1273,-0.16
873,873,-0.16
1482,1482,-0.16
1717,1717,-0.16
642,642,-0.16
820,820,-0.16
1711,1711,-0.16
1288,1288,-0.16
1775,1775,-0.16
1643,1643,-0.16
980,980,-0.16
1528,1528,-0.16
1045,1045,-0.16
401,401,-0.16
1423,1423,-0.16
922,922,-0.16
1703,1703,-0.16
1843,1843,-0.16
261,261,-0.16
508,508,-0.16
902,902,-0.16
1851,1851,-0.16
1961,1961,-0.16
1725,1725,-0.16
1073,1073,-0.16
539,539,-0.16
1214,1214,-0.16
1197,1197,-0.16
1443,1443,-0.16
1824,1824,-0.17
1908,1908,-0.17
248,248,-0.17
1526,1526,-0.17
738,738,-0.17
1705,1705,-0.17
159,159,-0.17
93,93,-0.17
145,145,-0.17
1751,1751,-0.17
1272,1272,-0.17
1740,1740,-0.17
772,772,-0.17
1720,1720,-0.17
1147,1147,-0.17
1930,1930,-0.17
622,622,-0.17
471,471,-0.17
1005,1005,-0.17
1830,1830,-0.17
1167,1167,-0.17
139,139,-0.18
123,123,-0.18
163,163,-0.18
822,822,-0.18
1497,1497,-0.18
41,41,-0.18
1018,1018,-0.18
1047,1047,-0.18
1958,1958,-0.18
918,918,-0.18
1440,1440,-0.18
1300,1300,-0.18
1121,1121,-0.18
970,970,-0.18
1881,1881,-0.18
644,644,-0.18
503,503,-0.18
1348,1348,-0.19
525,525,-0.19
77,77,-0.19
182,182,-0.19
1041,1041,-0.19
32,32,-0.19
1558,1558,-0.19
623,623,-0.19
1330,1330,-0.19
1563,1563,-0.19
1213,1213,-0.19
1400,1400,-0.19
551,551,-0.19
547,547,-0.19
695,695,-0.19
215,215,-0.19
1815,1815,-0.19
1701,1701,-0.19
1962,1962,-0.19
1414,1414,-0.19
1514,1514,-0.19
477,477,-0.19
797,797,-0.19
1621,1621,-0.19
481,481,-0.19
1614,1614,-0.19
1476,1476,-0.19
1453,1453,-0.19
337,337,-0.2
1215,1215,-0.2
1174,1174,-0.2
878,878,-0.2
825,825,-0.2
311,311,-0.2
1077,1077,-0.2
33,33,-0.2
20,20,-0.2
438,438,-0.2
1029,1029,-0.2
21,21,-0.2
1001,1001,-0.2
967,967,-0.2
776,776,-0.2
1200,1200,-0.2
584,584,-0.2
2019,2019,-0.2
1353,1353,-0.2
1463,1463,-0.2
68,68,-0.2
1986,1986,-0.2
272,272,-0.2
1028,1028,-0.21
1513,1513,-0.21
355,355,-0.21
593,593,-0.21
1651,1651,-0.21
729,729,-0.21
1113,1113,-0.21
1030,1030,-0.21
632,632,-0.21
939,939,-0.21
1434,1434,-0.21
954,954,-0.21
228,228,-0.21
965,965,-0.21
1579,1579,-0.21
372,372,-0.21
1426,1426,-0.21
706,706,-0.21
798,798,-0.21
1280,1280,-0.21
1201,1201,-0.21
1969,1969,-0.21
1480,1480,-0.21
340,340,-0.21
196,196,-0.22
1561,1561,-0.22
237,237,-0.22
1759,1759,-0.22
109,109,-0.22
1475,1475,-0.22
759,759,-0.22
1515,1515,-0.22
12,12,-0.22
253,253,-0.22
462,462,-0.22
214,214,-0.22
1539,1539,-0.22
1297,1297,-0.22
1165,1165,-0.22
904,904,-0.22
907,907,-0.22
368,368,-0.22
643,643,-0.22
179,179,-0.22
1549,1549,-0.22
2001,2001,-0.22
1204,1204,-0.22
1102,1102,-0.22
1674,1674,-0.22
788,788,-0.23
1507,1507,-0.23
1642,1642,-0.23
919,919,-0.23
1653,1653,-0.23
857,857,-0.23
697,697,-0.23
1741,1741,-0.23
394,394,-0.23
1294,1294,-0.23
1399,1399,-0.23
996,996,-0.23
1675,1675,-0.23
75,75,-0.23
1011,1011,-0.23
1238,1238,-0.23
585,585,-0.23
570,570,-0.23
326,326,-0.24
1757,1757,-0.24
1613,1613,-0.24
84,84,-0.24
871,871,-0.24
1639,1639,-0.24
1562,1562,-0.24
51,51,-0.24
1864,1864,-0.24
1145,1145,-0.24
555,555,-0.24
1290,1290,-0.24
360,360,-0.24
452,452,-0.24
15,15,-0.24
1974,1974,-0.24
2016,2016,-0.24
446,446,-0.24
2026,2026,-0.24
1430,1430,-0.24
1744,1744,-0.25
6,6,-0.25
611,611,-0.25
1071,1071,-0.25
1136,1136,-0.25
1534,1534,-0.25
449,449,-0.25
1560,1560,-0.25
1465,1465,-0.25
972,972,-0.25
410,410,-0.25
783,783,-0.25
482,482,-0.25
1122,1122,-0.25
487,487,-0.25
579,579,-0.25
1202,1202,-0.25
618,618,-0.25
670,670,-0.25
284,284,-0.25
1194,1194,-0.25
1225,1225,-0.26
294,294,-0.26
921,921,-0.26
1819,1819,-0.26
1265,1265,-0.26
1326,1326,-0.26
1292,1292,-0.26
990,990,-0.26
1042,1042,-0.26
73,73,-0.26
2012,2012,-0.26
331,331,-0.26
1818,1818,-0.26
56,56,-0.26
509,509,-0.26
505,505,-0.26
1646,1646,-0.26
566,566,-0.26
684,684,-0.26
1673,1673,-0.26
669,669,-0.26
680,680,-0.26
1596,1596,-0.27
717,717,-0.27
563,563,-0.27
1446,1446,-0.27
436,436,-0.27
274,274,-0.27
833,833,-0.27
601,601,-0.27
1880,1880,-0.27
1494,1494,-0.27
189,189,-0.27
1516,1516,-0.27
110,110,-0.28
316,316,-0.28
314,314,-0.28
292,292,-0.28
1328,1328,-0.28
1770,1770,-0.28
554,554,-0.28
1100,1100,-0.28
606,606,-0.28
1260,1260,-0.28
1512,1512,-0.28
1368,1368,-0.28
1031,1031,-0.28
420,420,-0.28
882,882,-0.28
1500,1500,-0.28
1838,1838,-0.28
1043,1043,-0.28
1364,1364,-0.29
660,660,-0.29
1685,1685,-0.29
307,307,-0.29
1739,1739,-0.29
312,312,-0.29
1491,1491,-0.29
491,491,-0.29
941,941,-0.29
962,962,-0.29
114,114,-0.29
1441,1441,-0.29
270,270,-0.29
232,232,-0.29
161,161,-0.29
1840,1840,-0.3
464,464,-0.3
467,467,-0.3
832,832,-0.3
1798,1798,-0.3
1046,1046,-0.3
0,0,-0.3
1502,1502,-0.3
1267,1267,-0.3
135,135,-0.3
204,204,-0.3
1277,1277,-0.3
169,169,-0.3
150,150,-0.3
275,275,-0.3
301,301,-0.31
790,790,-0.31
1773,1773,-0.31
1125,1125,-0.31
552,552,-0.31
74,74,-0.31
1019,1019,-0.31
1906,1906,-0.31
42,42,-0.31
80,80,-0.31
2004,2004,-0.31
937,937,-0.31
1479,1479,-0.31
1994,1994,-0.31
1166,1166,-0.31
403,403,-0.31
291,291,-0.31
1255,1255,-0.31
1275,1275,-0.31
868,868,-0.32
1283,1283,-0.32
1378,1378,-0.32
1397,1397,-0.32
1315,1315,-0.32
1363,1363,-0.32
1089,1089,-0.32
1444,1444,-0.32
955,955,-0.32
112,112,-0.32
1259,1259,-0.32
892,892,-0.32
1827,1827,-0.32
1366,1366,-0.32
1313,1313,-0.33
844,844,-0.33
299,299,-0.33
116,116,-0.33
431,431,-0.33
1535,1535,-0.33
1875,1875,-0.33
7,7,-0.33
362,362,-0.33
1356,1356,-0.33
333,333,-0.33
1605,1605,-0.33
1448,1448,-0.34
881,881,-0.34
1627,1627,-0.34
350,350,-0.34
654,654,-0.34
1481,1481,-0.34
1474,1474,-0.34
130,130,-0.34
959,959,-0.34
1790,1790,-0.34
1365,1365,-0.34
1973,1973,-0.34
1597,1597,-0.34
1796,1796,-0.34
1360,1360,-0.34
1106,1106,-0.35
246,246,-0.35
1262,1262,-0.35
181,181,-0.35
748,748,-0.35
127,127,-0.35
599,599,-0.35
1508,1508,-0.35
1892,1892,-0.35
1171,1171,-0.35
999,999,-0.35
82,82,-0.35
1724,1724,-0.35
1211,1211,-0.35
175,175,-0.35
625,625,-0.35
1611,1611,-0.35
1810,1810,-0.35
1239,1239,-0.35
823,823,-0.36
1652,1652,-0.36
985,985,-0.36
1161,1161,-0.36
1996,1996,-0.37
1048,1048,-0.37
414,414,-0.37
260,260,-0.37
1603,1603,-0.37
153,153,-0.37
963,963,-0.37
949,949,-0.37
177,177,-0.37
442,442,-0.37
1780,1780,-0.37
630,630,-0.38
1981,1981,-0.38
339,339,-0.38
254,254,-0.38
1865,1865,-0.38
1256,1256,-0.38
380,380,-0.38
975,975,-0.38
1828,1828,-0.38
1058,1058,-0.38
1398,1398,-0.38
1593,1593,-0.38
1802,1802,-0.38
807,807,-0.38
978,978,-0.38
1065,1065,-0.39
1210,1210,-0.39
296,296,-0.39
1289,1289,-0.39
44,44,-0.39
1483,1483,-0.39
1412,1412,-0.39
1080,1080,-0.39
105,105,-0.39
1911,1911,-0.4
1024,1024,-0.4
1128,1128,-0.4
231,231,-0.4
8,8,-0.4
470,470,-0.4
1764,1764,-0.4
321,321,-0.4
81,81,-0.4
1232,1232,-0.4
588,588,-0.4
898,898,-0.4
705,705,-0.4
747,747,-0.4
184,184,-0.4
1897,1897,-0.41
252,252,-0.41
737,737,-0.41
1696,1696,-0.41
796,796,-0.41
408,408,-0.41
1706,1706,-0.41
2032,2032,-0.41
1226,1226,-0.41
1,1,-0.41
1037,1037,-0.41
1966,1966,-0.42
620,620,-0.42
1959,1959,-0.42
454,454,-0.42
2047,2047,-0.42
323,323,-0.42
172,172,-0.42
649,649,-0.43
998,998,-0.43
1250,1250,-0.43
489,489,-0.43
1543,1543,-0.43
492,492,-0.43
1487,1487,-0.43
673,673,-0.43
1392,1392,-0.44
146,146,-0.44
1656,1656,-0.44
1592,1592,-0.44
453,453,-0.44
564,564,-0.45
19,19,-0.45
608,608,-0.45
256,256,-0.45
60,60,-0.45
1149,1149,-0.45
1570,1570,-0.45
235,235,-0.45
1176,1176,-0.45
1606,1606,-0.45
1760,1760,-0.45
157,157,-0.46
923,923,-0.46
948,948,-0.46
1557,1557,-0.46
1083,1083,-0.46
1425,1425,-0.46
222,222,-0.46
245,245,-0.46
439,439,-0.46
85,85,-0.47
496,496,-0.47
514,514,-0.47
276,276,-0.47
572,572,-0.47
1846,1846,-0.47
1924,1924,-0.47
1370,1370,-0.47
1761,1761,-0.47
1883,1883,-0.47
1910,1910,-0.47
1459,1459,-0.47
1097,1097,-0.48
1126,1126,-0.48
62,62,-0.48
1729,1729,-0.48
782,782,-0.48
2020,2020,-0.48
279,279,-0.48
1575,1575,-0.48
715,715,-0.49
1548,1548,-0.49
1655,1655,-0.49
1645,1645,-0.49
926,926,-0.49
1633,1633,-0.5
1135,1135,-0.5
1380,1380,-0.5
1556,1556,-0.5
1346,1346,-0.5
448,448,-0.5
749,749,-0.5
61,61,-0.5
1733,1733,-0.5
9,9,-0.51
1665,1665,-0.51
2029,2029,-0.51
1641,1641,-0.51
1143,1143,-0.52
845,845,-0.52
1948,1948,-0.52
1343,1343,-0.52
1322,1322,-0.53
298,298,-0.53
1257,1257,-0.53
610,610,-0.53
979,979,-0.53
344,344,-0.53
914,914,-0.53
164,164,-0.53
1314,1314,-0.54
540,540,-0.54
1456,1456,-0.54
1728,1728,-0.54
1599,1599,-0.55
550,550,-0.55
932,932,-0.56
1312,1312,-0.56
458,458,-0.56
1564,1564,-0.56
1684,1684,-0.56
451,451,-0.56
1922,1922,-0.57
251,251,-0.57
900,900,-0.57
862,862,-0.57
1809,1809,-0.57
1240,1240,-0.57
1569,1569,-0.58
1060,1060,-0.58
1925,1925,-0.59
1082,1082,-0.59
1714,1714,-0.59
151,151,-0.6
1956,1956,-0.6
1484,1484,-0.61
479,479,-0.61
1943,1943,-0.61
1660,1660,-0.62
1085,1085,-0.62
1942,1942,-0.62
1768,1768,-0.63
239,239,-0.63
1035,1035,-0.64
342,342,-0.64
426,426,-0.64
126,126,-0.65
519,519,-0.65
2043,2043,-0.65
1223,1223,-0.66
988,988,-0.67
1771,1771,-0.67
381,381,-0.67
1431,1431,-0.68
691,691,-0.69
2018,2018,-0.69
343,343,-0.71
227,227,-0.72
780,780,-0.72
1616,1616,-0.72
1635,1635,-0.73
1585,1585,-0.73
463,463,-0.74
1236,1236,-0.75
794,794,-0.75
843,843,-0.76
1154,1154,-0.76
147,147,-0.78
753,753,-0.82
548,548,-0.85
1737,1737,-0.91
207,207,-0.98
